"3","RaspberryPi3","BT_UART_2281","C1:8F:CC:DC:57:19","2017-01-11 02:12:55","27","19","7.49","8.30719","on"
"4","RaspberryPi3","BT_UART_2281","C1:8F:CC:DC:57:19","2017-01-11 02:17:58","27","19","0.22","4.96192","off"
"5","RaspberryPi3","BT_UART_2281","C1:8F:CC:DC:57:19","2017-01-11 08:30:47","26","20","6.35","8.32639","on"
"6","RaspberryPi3","BT_UART_2281","C1:8F:CC:DC:57:19","2017-01-11 08:55:59","25","20","0.23","5.00521","on"
"7","RaspberryPi3","BT_UART_2281","C1:8F:CC:DC:57:19","2017-01-11 09:01:01","24","21","7.37","7.6491","on"
"8","RaspberryPi3","BT_UART_2281","C1:8F:CC:DC:57:19","2017-01-11 21:15:40","24","24","0.17","4.99197","off"
"9","RaspberryPi3","BT_UART_2281","C1:8F:CC:DC:57:19","2017-01-11 21:40:50","25","21","6.95","8.33333","on"
"10","RaspberryPi3","BT_UART_2281","C1:8F:CC:DC:57:19","2017-01-11 21:45:52","25","21","0.17","5.00286","on"
"11","RaspberryPi3","BT_UART_2281","C1:8F:CC:DC:57:19","2017-01-11 22:26:12","26","20","7.46","8.32639","on"
"12","RaspberryPi3","BT_UART_2281","C1:8F:CC:DC:57:19","2017-01-11 23:26:43","27","20","0.34","4.96848","off"
"15","RaspberryPi3","BT_UART_2281","C1:8F:CC:DC:57:19","2017-01-12 00:17:31","25","21","7.44","8.33333","on"
"16","RaspberryPi3","BT_UART_2281","C1:8F:CC:DC:57:19","2017-01-12 01:36:11","24","25","0.11","4.99031","off"
"18","RaspberryPi3","BT_UART_2281","C1:8F:CC:DC:57:19","2017-02-27 22:38:06","24","21","7.41","7.6491","on"
"19","RaspberryPi3","BT_UART_2281","C1:8F:CC:DC:57:19","2017-02-27 22:44:35","24","21","0.01","4.98912","off"
"20","RaspberryPi3","BT_UART_2281","C1:8F:CC:DC:57:19","2017-02-28 22:06:26","28","30","7.36","8.27778","on"
"21","RaspberryPi3","BT_UART_2281","C1:8F:CC:DC:57:19","2017-03-01 02:08:32","25","20","0.01","5.00001","on"
"26","RaspberryPi3","BT_UART_2281","C1:8F:CC:DC:57:19","2017-03-02 16:46:14","24.11","21","7.42","7.71653","on"
"27","RaspberryPi3","BT_UART_2281","C1:8F:CC:DC:57:19","2017-03-02 16:54:54","28.01","29","0.11","4.90534","off"
"28","RaspberryPi3","BT_UART_2281","C1:8F:CC:DC:57:19","2017-03-02 17:01:09","26.12","20","7.48","8.32469","on"
"29","RaspberryPi3","BT_UART_2281","C1:8F:CC:DC:57:19","2017-03-02 17:02:33","29.08","27","1.6","5.06636","on"
"30","RaspberryPi3","BT_UART_2281","C1:8F:CC:DC:57:19","2017-03-02 17:31:41","25.12","9","7.54","8.33323","on"
"31","RaspberryPi3","BT_UART_2281","C1:8F:CC:DC:57:19","2017-03-02 23:23:33","24","10","0.01","4.98912","off"
"32","RaspberryPi3","BT_UART_2281","C1:8F:CC:DC:57:19","2017-03-02 23:28:35","23.12","10","7.58","7.16091","on"
"33","RaspberryPi3","BT_UART_2281","C1:8F:CC:DC:57:19","2017-03-03 04:20:18","23","10","0.03","4.95724","off"
"34","RaspberryPi3","BT_UART_2281","C1:8F:CC:DC:57:19","2017-03-03 10:27:52","23.11","10","7.44","7.15581","on"
"35","RaspberryPi3","BT_UART_2281","C1:8F:CC:DC:57:19","2017-03-03 17:15:32","23.01","21","0.14","4.95951","off"
"36","RaspberryPi3","BT_UART_2281","C1:8F:CC:DC:57:19","2017-03-03 17:20:35","23.12","21","7.52","7.16091","on"
"37","RaspberryPi3","BT_UART_2281","C1:8F:CC:DC:57:19","2017-03-03 18:26:01","23","21","0.05","4.9574","off"
"38","RaspberryPi3","BT_UART_2281","C1:8F:CC:DC:57:19","2017-03-03 18:41:07","22.12","11","7.52","6.68866","on"
"39","RaspberryPi3","BT_UART_2281","C1:8F:CC:DC:57:19","2017-03-03 19:51:39","24","10","0.03","4.9892","off"
"40","RaspberryPi3","BT_UART_2281","C1:8F:CC:DC:57:19","2017-03-03 20:06:44","24.12","10","7.56","7.72274","on"
"41","RaspberryPi3","BT_UART_2281","C1:8F:CC:DC:57:19","2017-03-03 21:07:12","27","19","0.01","4.95716","off"
"42","RaspberryPi3","BT_UART_2281","C1:8F:CC:DC:57:19","2017-03-04 17:15:59","23.12","10","7.55","7.16091","on"
"43","RaspberryPi3","BT_UART_2281","C1:8F:CC:DC:57:19","2017-03-04 20:32:17","24","21","0.01","4.98912","off"
"44","RaspberryPi3","BT_UART_2281","C1:8F:CC:DC:57:19","2017-03-10 15:40:31","23.12","21","7.51","7.16091","on"
"45","RaspberryPi3","BT_UART_2281","C1:8F:CC:DC:57:19","2017-03-10 15:45:01","24.04","25","0.78","5.04834","on"
"46","RaspberryPi3","BT_UART_2281","C1:8F:CC:DC:57:19","2017-03-10 15:47:13","25.12","22","7.51","8.33323","on"
"47","RaspberryPi3","BT_UART_2281","C1:8F:CC:DC:57:19","2017-03-10 15:48:22","25.07","22","1.43","5.19283","on"
"48","RaspberryPi3","BT_UART_2281","C1:8F:CC:DC:57:19","2017-03-10 15:48:27","23.12","21","7.52","7.16091","on"
"49","RaspberryPi3","BT_UART_2281","C1:8F:CC:DC:57:19","2017-03-10 15:49:26","25.06","25","1.16","5.12755","on"
"50","RaspberryPi3","BT_UART_2281","C1:8F:CC:DC:57:19","2017-03-10 15:49:39","25.12","23","7.53","8.33323","on"
"51","RaspberryPi3","BT_UART_2281","C1:8F:CC:DC:57:19","2017-03-10 15:49:52","25.05","23","1.05","5.10482","on"
"52","RaspberryPi3","BT_UART_2281","C1:8F:CC:DC:57:19","2017-03-10 15:50:27","25.12","25","7.52","8.33323","on"
"53","RaspberryPi3","BT_UART_2281","C1:8F:CC:DC:57:19","2017-03-10 15:52:01","25.05","24","0.94","5.08428","on"
"54","RaspberryPi3","BT_UART_2281","C1:8F:CC:DC:57:19","2017-03-10 15:52:19","23.12","21","7.53","7.16091","on"
"55","RaspberryPi3","BT_UART_2281","C1:8F:CC:DC:57:19","2017-03-10 15:52:56","25.06","24","1.21","5.13862","on"
"56","RaspberryPi3","BT_UART_2281","C1:8F:CC:DC:57:19","2017-03-10 16:00:04","23.12","21","7.52","7.16091","on"
"57","RaspberryPi3","BT_UART_2281","C1:8F:CC:DC:57:19","2017-03-10 16:03:22","24.03","26","0.6","5.02456","on"
"58","RaspberryPi3","BT_UART_2281","C1:8F:CC:DC:57:19","2017-03-10 16:06:52","24.12","24","7.51","7.72274","on"
"59","RaspberryPi3","BT_UART_2281","C1:8F:CC:DC:57:19","2017-03-10 16:42:09","24.03","26","0.69","5.0356","on"
"60","RaspberryPi3","BT_UART_2281","C1:8F:CC:DC:57:19","2017-03-10 16:42:45","24.12","26","7.54","7.72274","on"
"61","RaspberryPi3","BT_UART_2281","C1:8F:CC:DC:57:19","2017-03-10 16:45:32","24.05","27","1.02","5.08918","on"
"62","RaspberryPi3","BT_UART_2281","C1:8F:CC:DC:57:19","2017-03-10 16:46:06","24.12","26","7.54","7.72274","on"
"63","RaspberryPi3","BT_UART_2281","C1:8F:CC:DC:57:19","2017-03-10 16:49:38","24.04","26","0.74","5.04259","on"
"64","RaspberryPi3","BT_UART_2281","C1:8F:CC:DC:57:19","2017-03-10 16:50:59","24.12","26","7.54","7.72274","on"
"65","RaspberryPi3","BT_UART_2281","C1:8F:CC:DC:57:19","2017-03-10 16:52:59","25.04","24","0.8","5.06135","on"
"66","RaspberryPi3","BT_UART_2281","C1:8F:CC:DC:57:19","2017-03-10 16:53:45","24.12","25","7.53","7.72274","on"
"67","RaspberryPi3","BT_UART_2281","C1:8F:CC:DC:57:19","2017-03-10 17:20:00","23.05","21","1.04","5.06211","on"
"68","RaspberryPi3","BT_UART_2281","C1:8F:CC:DC:57:19","2017-03-10 17:20:44","24.12","26","7.54","7.72274","on"
"69","RaspberryPi3","BT_UART_2281","C1:8F:CC:DC:57:19","2017-03-10 17:23:25","23.05","21","1.11","5.07619","on"
"70","RaspberryPi3","BT_UART_2281","C1:8F:CC:DC:57:19","2017-03-10 17:23:53","24.12","27","7.52","7.72274","on"
"72","RaspberryPi3","BT_UART_2281","C1:8F:CC:DC:57:19","2017-03-10 17:41:42","28.12","34","7.54","8.27364","on"
"74","RaspberryPi3","BT_UART_2281","C1:8F:CC:DC:57:19","2017-03-10 17:41:43","24.12","21","7.54","7.72274","on"
"88","RaspberryPi3","BT_UART_2281","C1:8F:CC:DC:57:19","2017-03-10 17:41:54","26.12","26","7.51","8.32469","on"
"89","RaspberryPi3","BT_UART_2281","C1:8F:CC:DC:57:19","2017-03-10 19:34:43","23","21","0.01","4.95716","off"
"90","RaspberryPi3","BT_UART_2281","C1:8F:CC:DC:57:19","2017-03-12 13:58:03","24.12","21","7.56","7.72274","on"
"91","RaspberryPi3","BT_UART_2281","C1:8F:CC:DC:57:19","2017-03-12 17:15:26","25","20","0.01","5.00001","on"
"92","RaspberryPi3","BT_UART_2281","C1:8F:CC:DC:57:19","2017-03-12 17:56:01","25.12","20","7.56","8.33323","on"
"93","RaspberryPi3","BT_UART_2281","C1:8F:CC:DC:57:19","2017-03-12 18:21:18","24","21","0.03","4.9892","off"
"94","RaspberryPi3","BT_UART_2281","C1:8F:CC:DC:57:19","2017-03-13 10:06:34","24.12","21","7.57","7.72274","on"
"96","RaspberryPi3","BT_UART_2281","C1:8F:CC:DC:57:19","2017-03-13 21:34:42","23.12","21","7.55","7.16091","on"
"97","RaspberryPi3","BT_UART_2281","C1:8F:CC:DC:57:19","2017-03-14 02:07:52","23","21","0.01","4.95716","off"
"98","RaspberryPi3","BT_UART_2281","C1:8F:CC:DC:57:19","2017-03-14 10:15:32","23.12","21","7.54","7.16091","on"
"99","RaspberryPi3","BT_UART_2281","C1:8F:CC:DC:57:19","2017-03-14 20:02:32","24.01","21","0.19","4.99289","off"
"100","RaspberryPi3","BT_UART_2281","C1:8F:CC:DC:57:19","2017-03-14 20:07:37","22.12","22","7.55","6.68866","on"
"101","RaspberryPi3","BT_UART_2281","C1:8F:CC:DC:57:19","2017-03-14 20:42:57","23","21","0.01","4.95716","off"
"102","RaspberryPi3","BT_UART_2281","C1:8F:CC:DC:57:19","2017-03-14 20:48:01","23.12","21","7.55","7.16091","on"
"103","RaspberryPi3","BT_UART_2281","C1:8F:CC:DC:57:19","2017-03-15 04:23:28","23","21","0.01","4.95716","off"
"104","RaspberryPi3","BT_UART_2281","C1:8F:CC:DC:57:19","2017-03-15 09:33:06","23.11","21","7.47","7.15581","on"
"105","RaspberryPi3","BT_UART_2281","C1:8F:CC:DC:57:19","2017-03-15 21:06:12","11","22","0.01","2.34209","off"
"106","RaspberryPi3","BT_UART_2281","C1:8F:CC:DC:57:19","2017-03-16 10:16:31","23.12","21","7.55","7.16091","on"
"107","RaspberryPi3","BT_UART_2281","C1:8F:CC:DC:57:19","2017-03-16 19:47:39","22","22","0.01","4.90477","off"
"108","RaspberryPi3","BT_UART_2281","C1:8F:CC:DC:57:19","2017-03-17 11:36:28","24.12","21","7.55","7.72274","on"
"109","RaspberryPi3","BT_UART_2281","C1:8F:CC:DC:57:19","2017-03-17 18:46:37","24","26","0.01","4.98912","off"
"110","RaspberryPi3","BT_UART_2281","C1:8F:CC:DC:57:19","2017-03-18 15:24:01","24.12","21","7.55","7.72274","on"
"111","RaspberryPi3","BT_UART_2281","C1:8F:CC:DC:57:19","2017-03-18 18:19:12","25","20","0.01","5.00001","on"
"112","RaspberryPi3","BT_UART_2281","C1:8F:CC:DC:57:19","2017-03-19 02:52:41","25.12","20","7.55","8.33323","on"
"113","RaspberryPi3","BT_UART_2281","C1:8F:CC:DC:57:19","2017-03-19 08:21:46","23.01","21","0.2","4.96152","off"
"114","RaspberryPi3","BT_UART_2281","C1:8F:CC:DC:57:19","2017-03-19 08:26:49","23.12","21","7.55","7.16091","on"
"116","RaspberryPi3","BT_UART_2281","C1:8F:CC:DC:57:19","2017-03-20 00:24:17","25.12","20","7.56","8.33323","on"
"118","RaspberryPi3","BT_UART_2281","C1:8F:CC:DC:57:19","2017-03-20 06:36:38","23.12","21","7.55","7.16091","on"
"119","RaspberryPi3","BT_UART_2281","C1:8F:CC:DC:57:19","2017-03-20 23:14:35","24.12","21","7.54","7.72274","on"
"120","RaspberryPi3","BT_UART_2281","C1:8F:CC:DC:57:19","2017-03-20 23:14:58","26.12","25","7.55","8.32469","on"
"121","RaspberryPi3","BT_UART_2281","C1:8F:CC:DC:57:19","2017-03-20 23:20:15","26.12","25","7.56","8.32469","on"
"122","RaspberryPi3","BT_UART_2281","C1:8F:CC:DC:57:19","2017-03-20 23:25:06","24.12","21","7.56","7.72274","on"
"156","RaspberryPi3","BT_UART_2281","C1:8F:CC:DC:57:19","2017-03-21 02:15:04","24","21","0.02","2.43441","off"
"157","RaspberryPi3","BT_UART_2281","C1:8F:CC:DC:57:19","2017-03-21 02:20:04","24","21","0.01","2.43441","off"
"158","RaspberryPi3","BT_UART_2281","C1:8F:CC:DC:57:19","2017-03-21 02:25:04","24","21","0.02","2.41673","off"
"159","RaspberryPi3","BT_UART_2281","C1:8F:CC:DC:57:19","2017-03-21 02:30:04","24","21","0.02","2.41673","off"
"160","RaspberryPi3","BT_UART_2281","C1:8F:CC:DC:57:19","2017-03-21 10:20:06","24.12","21","7.57","2.43441","off"
"161","RaspberryPi3","BT_UART_2281","C1:8F:CC:DC:57:19","2017-03-21 10:25:06","24.12","21","7.57","2.41673","off"
"162","RaspberryPi3","BT_UART_2281","C1:8F:CC:DC:57:19","2017-03-21 10:30:05","24.12","21","7.58","2.43441","off"
"163","RaspberryPi3","BT_UART_2281","C1:8F:CC:DC:57:19","2017-03-21 10:35:06","24.12","21","7.57","2.41673","off"
"164","RaspberryPi3","BT_UART_2281","C1:8F:CC:DC:57:19","2017-03-21 10:40:05","24.12","21","7.57","2.41673","off"
"165","RaspberryPi3","BT_UART_2281","C1:8F:CC:DC:57:19","2017-03-21 10:45:07","23.12","21","7.55","2.41673","off"
"166","RaspberryPi3","BT_UART_2281","C1:8F:CC:DC:57:19","2017-03-21 10:50:05","23.12","21","7.56","2.41673","off"
"167","RaspberryPi3","BT_UART_2281","C1:8F:CC:DC:57:19","2017-03-21 10:55:07","23.12","21","7.56","7.16091","on"
"168","RaspberryPi3","BT_UART_2281","C1:8F:CC:DC:57:19","2017-03-21 11:00:06","22.12","22","7.56","2.46946","off"
"169","RaspberryPi3","BT_UART_2281","C1:8F:CC:DC:57:19","2017-03-21 11:05:05","23.12","21","7.56","2.46946","off"
"170","RaspberryPi3","BT_UART_2281","C1:8F:CC:DC:57:19","2017-03-21 11:10:06","23.12","21","7.56","2.46946","off"
"171","RaspberryPi3","BT_UART_2281","C1:8F:CC:DC:57:19","2017-03-21 11:15:07","22.12","22","7.56","2.52121","off"
"172","RaspberryPi3","BT_UART_2281","C1:8F:CC:DC:57:19","2017-03-21 11:20:06","23.12","21","7.56","2.50407","off"
"173","RaspberryPi3","BT_UART_2281","C1:8F:CC:DC:57:19","2017-03-21 11:25:06","24.12","23","7.57","2.48681","off"
"174","RaspberryPi3","BT_UART_2281","C1:8F:CC:DC:57:19","2017-03-21 11:30:05","23.12","21","7.56","2.48681","off"
"175","RaspberryPi3","BT_UART_2281","C1:8F:CC:DC:57:19","2017-03-21 11:35:06","22.12","22","7.56","2.46946","off"
"176","RaspberryPi3","BT_UART_2281","C1:8F:CC:DC:57:19","2017-03-21 11:40:05","23.12","21","7.55","2.50407","off"
"177","RaspberryPi3","BT_UART_2281","C1:8F:CC:DC:57:19","2017-03-21 11:45:07","22.12","22","7.57","2.50407","off"
"178","RaspberryPi3","BT_UART_2281","C1:8F:CC:DC:57:19","2017-03-21 11:50:06","23.12","21","7.56","2.48681","off"
"179","RaspberryPi3","BT_UART_2281","C1:8F:CC:DC:57:19","2017-03-21 11:55:06","23.12","21","7.56","2.50407","off"
"180","RaspberryPi3","BT_UART_2281","C1:8F:CC:DC:57:19","2017-03-21 12:00:05","23.12","21","7.56","2.50407","off"
"181","RaspberryPi3","BT_UART_2281","C1:8F:CC:DC:57:19","2017-03-21 12:05:06","22.12","22","7.57","2.48681","off"
"182","RaspberryPi3","BT_UART_2281","C1:8F:CC:DC:57:19","2017-03-21 12:10:05","24.12","24","7.56","2.50407","off"
"183","RaspberryPi3","BT_UART_2281","C1:8F:CC:DC:57:19","2017-03-21 12:15:07","22.12","22","7.56","2.50407","off"
"184","RaspberryPi3","BT_UART_2281","C1:8F:CC:DC:57:19","2017-03-21 12:20:06","23.12","21","7.53","2.48681","off"
"185","RaspberryPi3","BT_UART_2281","C1:8F:CC:DC:57:19","2017-03-21 12:25:06","24.12","21","7.56","2.48681","off"
"186","RaspberryPi3","BT_UART_2281","C1:8F:CC:DC:57:19","2017-03-21 12:30:05","23.12","21","7.56","2.50407","off"
"187","RaspberryPi3","BT_UART_2281","C1:8F:CC:DC:57:19","2017-03-21 12:35:06","23.12","21","7.56","2.50407","off"
"188","RaspberryPi3","BT_UART_2281","C1:8F:CC:DC:57:19","2017-03-21 12:40:06","23.12","21","7.56","2.48681","off"
"189","RaspberryPi3","BT_UART_2281","C1:8F:CC:DC:57:19","2017-03-21 12:45:09","23.12","21","7.51","2.48681","off"
"190","RaspberryPi3","BT_UART_2281","C1:8F:CC:DC:57:19","2017-03-21 12:50:06","23.12","21","7.5","2.48681","off"
"191","RaspberryPi3","BT_UART_2281","C1:8F:CC:DC:57:19","2017-03-21 12:55:09","24.12","21","7.51","2.50407","off"
"192","RaspberryPi3","BT_UART_2281","C1:8F:CC:DC:57:19","2017-03-21 13:00:07","24.12","21","7.52","2.48681","off"
"193","RaspberryPi3","BT_UART_2281","C1:8F:CC:DC:57:19","2017-03-21 13:05:08","24.12","21","7.51","2.48681","off"
"194","RaspberryPi3","BT_UART_2281","C1:8F:CC:DC:57:19","2017-03-21 13:10:07","24.12","22","7.52","2.48681","off"
"195","RaspberryPi3","BT_UART_2281","C1:8F:CC:DC:57:19","2017-03-21 13:15:08","24.12","21","7.52","2.48681","off"
"196","RaspberryPi3","BT_UART_2281","C1:8F:CC:DC:57:19","2017-03-21 13:25:07","24.12","21","7.51","2.48681","off"
"197","RaspberryPi3","BT_UART_2281","C1:8F:CC:DC:57:19","2017-03-21 13:30:08","24.12","21","7.5","2.46946","off"
"198","RaspberryPi3","BT_UART_2281","C1:8F:CC:DC:57:19","2017-03-21 13:35:06","24.12","21","7.51","2.48681","off"
"199","RaspberryPi3","BT_UART_2281","C1:8F:CC:DC:57:19","2017-03-21 13:40:07","24.12","21","7.51","2.46946","off"
"200","RaspberryPi3","BT_UART_2281","C1:8F:CC:DC:57:19","2017-03-21 13:45:05","24.12","21","7.51","2.46946","off"
"201","RaspberryPi3","BT_UART_2281","C1:8F:CC:DC:57:19","2017-03-21 13:50:06","22.12","22","7.51","2.46946","off"
"202","RaspberryPi3","BT_UART_2281","C1:8F:CC:DC:57:19","2017-03-21 13:55:06","24.12","22","7.52","2.46946","off"
"203","RaspberryPi3","BT_UART_2281","C1:8F:CC:DC:57:19","2017-03-21 14:00:06","22.12","22","7.52","2.46946","off"
"204","RaspberryPi3","BT_UART_2281","C1:8F:CC:DC:57:19","2017-03-21 14:05:05","24.12","21","7.52","2.46946","off"
"205","RaspberryPi3","BT_UART_2281","C1:8F:CC:DC:57:19","2017-03-21 14:10:06","24.12","21","7.51","2.46946","off"
"206","RaspberryPi3","BT_UART_2281","C1:8F:CC:DC:57:19","2017-03-21 14:15:05","22.12","22","7.5","2.46946","off"
"207","RaspberryPi3","BT_UART_2281","C1:8F:CC:DC:57:19","2017-03-21 14:20:06","24.12","21","7.51","2.48681","off"
"208","RaspberryPi3","BT_UART_2281","C1:8F:CC:DC:57:19","2017-03-21 14:25:06","24.12","26","7.5","2.48681","off"
"209","RaspberryPi3","BT_UART_2281","C1:8F:CC:DC:57:19","2017-03-21 14:30:07","24.12","21","7.52","2.48681","off"
"210","RaspberryPi3","BT_UART_2281","C1:8F:CC:DC:57:19","2017-03-21 14:35:06","24.12","21","7.51","2.48681","off"
"211","RaspberryPi3","BT_UART_2281","C1:8F:CC:DC:57:19","2017-03-21 14:40:07","22.12","22","7.51","2.46946","off"
"212","RaspberryPi3","BT_UART_2281","C1:8F:CC:DC:57:19","2017-03-21 14:45:05","24.12","21","7.51","2.46946","off"
"213","RaspberryPi3","BT_UART_2281","C1:8F:CC:DC:57:19","2017-03-21 14:50:06","22.12","22","7.52","2.46946","off"
"214","RaspberryPi3","BT_UART_2281","C1:8F:CC:DC:57:19","2017-03-21 14:55:06","24.12","21","7.51","2.45199","off"
"215","RaspberryPi3","BT_UART_2281","C1:8F:CC:DC:57:19","2017-03-21 15:00:07","24.12","21","7.52","2.45199","off"
"216","RaspberryPi3","BT_UART_2281","C1:8F:CC:DC:57:19","2017-03-21 15:05:06","24.12","21","7.51","2.45199","off"
"217","RaspberryPi3","BT_UART_2281","C1:8F:CC:DC:57:19","2017-03-21 15:10:06","22.12","22","7.51","2.45199","off"
"218","RaspberryPi3","BT_UART_2281","C1:8F:CC:DC:57:19","2017-03-21 15:15:05","24.12","21","7.51","2.46946","off"
"219","RaspberryPi3","BT_UART_2281","C1:8F:CC:DC:57:19","2017-03-21 15:20:06","22.12","22","7.52","2.46946","off"
"220","RaspberryPi3","BT_UART_2281","C1:8F:CC:DC:57:19","2017-03-21 15:25:06","22.12","22","7.5","2.46946","off"
"221","RaspberryPi3","BT_UART_2281","C1:8F:CC:DC:57:19","2017-03-21 15:30:06","24.12","21","7.51","2.46946","off"
"222","RaspberryPi3","BT_UART_2281","C1:8F:CC:DC:57:19","2017-03-21 15:35:06","24.12","21","7.51","2.46946","off"
"223","RaspberryPi3","BT_UART_2281","C1:8F:CC:DC:57:19","2017-03-21 15:40:07","24.12","21","7.51","2.45199","off"
"224","RaspberryPi3","BT_UART_2281","C1:8F:CC:DC:57:19","2017-03-21 15:45:05","24.12","21","7.51","2.45199","off"
"225","RaspberryPi3","BT_UART_2281","C1:8F:CC:DC:57:19","2017-03-21 15:50:06","24.12","21","7.52","2.45199","off"
"226","RaspberryPi3","BT_UART_2281","C1:8F:CC:DC:57:19","2017-03-21 16:00:07","24","21","7.53","2.45199","off"
"227","RaspberryPi3","BT_UART_2281","C1:8F:CC:DC:57:19","2017-03-21 16:05:07","23.12","21","7.51","2.45199","off"
"228","RaspberryPi3","BT_UART_2281","C1:8F:CC:DC:57:19","2017-03-21 16:10:06","24.12","21","7.52","2.45199","off"
"229","RaspberryPi3","BT_UART_2281","C1:8F:CC:DC:57:19","2017-03-21 16:15:07","23.12","21","7.51","2.45199","off"
"230","RaspberryPi3","BT_UART_2281","C1:8F:CC:DC:57:19","2017-03-21 16:20:06","22.12","22","7.51","2.45199","off"
"231","RaspberryPi3","BT_UART_2281","C1:8F:CC:DC:57:19","2017-03-21 16:25:07","25.12","20","7.51","2.45199","off"
"232","RaspberryPi3","BT_UART_2281","C1:8F:CC:DC:57:19","2017-03-21 16:30:08","24.12","21","7.52","2.45199","off"
"233","RaspberryPi3","BT_UART_2281","C1:8F:CC:DC:57:19","2017-03-21 16:35:07","24.12","21","7.52","2.45199","off"
"234","RaspberryPi3","BT_UART_2281","C1:8F:CC:DC:57:19","2017-03-21 16:45:06","24.12","21","7.52","2.45199","off"
"235","RaspberryPi3","BT_UART_2281","C1:8F:CC:DC:57:19","2017-03-21 16:50:08","23.12","21","7.51","2.45199","off"
"236","RaspberryPi3","BT_UART_2281","C1:8F:CC:DC:57:19","2017-03-21 16:55:06","24.12","21","7.52","2.45199","off"
"237","RaspberryPi3","BT_UART_2281","C1:8F:CC:DC:57:19","2017-03-21 17:00:09","23.12","21","7.52","2.45199","off"
"238","RaspberryPi3","BT_UART_2281","C1:8F:CC:DC:57:19","2017-03-21 17:05:05","24.12","21","7.52","2.45199","off"
"239","RaspberryPi3","BT_UART_2281","C1:8F:CC:DC:57:19","2017-03-21 17:20:08","24.01","21","5.32","2.45199","off"
"240","RaspberryPi3","BT_UART_2281","C1:8F:CC:DC:57:19","2017-03-21 17:25:06","24.01","25","5.31","2.43441","off"
"241","RaspberryPi3","BT_UART_2281","C1:8F:CC:DC:57:19","2017-03-21 17:35:07","23.01","21","5.32","2.43441","off"
"242","RaspberryPi3","BT_UART_2281","C1:8F:CC:DC:57:19","2017-03-21 17:40:07","24.01","21","5.32","2.43441","off"
"243","RaspberryPi3","BT_UART_2281","C1:8F:CC:DC:57:19","2017-03-21 17:45:07","24.12","23","7.52","2.43441","off"
"244","RaspberryPi3","BT_UART_2281","C1:8F:CC:DC:57:19","2017-03-21 17:50:06","24.12","21","7.5","2.43441","off"
"245","RaspberryPi3","BT_UART_2281","C1:8F:CC:DC:57:19","2017-03-21 18:00:07","24.12","21","7.51","2.43441","off"
"246","RaspberryPi3","BT_UART_2281","C1:8F:CC:DC:57:19","2017-03-21 18:05:07","24.12","21","7.52","2.43441","off"
"247","RaspberryPi3","BT_UART_2281","C1:8F:CC:DC:57:19","2017-03-21 18:10:08","23.12","21","7.52","2.41673","off"
"248","RaspberryPi3","BT_UART_2281","C1:8F:CC:DC:57:19","2017-03-21 18:15:05","24.12","21","7.51","2.41673","off"
"249","RaspberryPi3","BT_UART_2281","C1:8F:CC:DC:57:19","2017-03-21 18:20:07","22.12","22","7.51","2.41673","off"
"250","RaspberryPi3","BT_UART_2281","C1:8F:CC:DC:57:19","2017-03-21 18:25:06","24.12","26","7.51","2.43441","off"
"251","RaspberryPi3","BT_UART_2281","C1:8F:CC:DC:57:19","2017-03-21 18:30:07","22.12","22","7.52","2.41673","off"
"252","RaspberryPi3","BT_UART_2281","C1:8F:CC:DC:57:19","2017-03-21 18:45:07","23.12","21","7.51","2.41673","off"
"253","RaspberryPi3","BT_UART_2281","C1:8F:CC:DC:57:19","2017-03-21 18:50:07","24.12","21","7.51","2.41673","off"
"254","RaspberryPi3","BT_UART_2281","C1:8F:CC:DC:57:19","2017-03-21 19:00:06","24.12","21","7.52","2.41673","off"
"255","RaspberryPi3","BT_UART_2281","C1:8F:CC:DC:57:19","2017-03-21 19:05:08","22.12","22","7.52","2.41673","off"
"256","RaspberryPi3","BT_UART_2281","C1:8F:CC:DC:57:19","2017-03-21 19:10:06","23.12","21","7.51","2.41673","off"
"257","RaspberryPi3","BT_UART_2281","C1:8F:CC:DC:57:19","2017-03-21 19:15:07","24.12","27","7.52","2.41673","off"
"258","RaspberryPi3","BT_UART_2281","C1:8F:CC:DC:57:19","2017-03-21 19:20:07","23.12","21","7.52","2.41673","off"
"259","RaspberryPi3","BT_UART_2281","C1:8F:CC:DC:57:19","2017-03-21 19:25:08","22.12","22","7.52","2.41673","off"
"260","RaspberryPi3","BT_UART_2281","C1:8F:CC:DC:57:19","2017-03-21 19:30:05","24.12","21","7.52","2.43441","off"
"261","RaspberryPi3","BT_UART_2281","C1:8F:CC:DC:57:19","2017-03-21 19:40:07","22.12","23","7.52","2.41673","off"
"262","RaspberryPi3","BT_UART_2281","C1:8F:CC:DC:57:19","2017-03-21 19:50:05","22.12","22","7.51","2.41673","off"
"263","RaspberryPi3","BT_UART_2281","C1:8F:CC:DC:57:19","2017-03-21 20:00:07","24.12","27","7.51","2.41673","off"
"264","RaspberryPi3","BT_UART_2281","C1:8F:CC:DC:57:19","2017-03-21 20:05:06","22.12","22","7.52","2.41673","off"
"265","RaspberryPi3","BT_UART_2281","C1:8F:CC:DC:57:19","2017-03-21 20:10:08","23.12","21","7.52","2.41673","off"
"266","RaspberryPi3","BT_UART_2281","C1:8F:CC:DC:57:19","2017-03-21 20:15:05","24.12","21","7.52","2.39893","off"
"267","RaspberryPi3","BT_UART_2281","C1:8F:CC:DC:57:19","2017-03-21 20:20:07","23.12","21","7.5","2.38102","off"
"268","RaspberryPi3","BT_UART_2281","C1:8F:CC:DC:57:19","2017-03-21 20:35:05","24.12","25","7.52","2.41673","off"
"269","RaspberryPi3","BT_UART_2281","C1:8F:CC:DC:57:19","2017-03-21 20:40:08","24.12","21","7.52","2.39893","off"
"270","RaspberryPi3","BT_UART_2281","C1:8F:CC:DC:57:19","2017-03-21 20:45:06","23.12","21","7.52","2.41673","off"
"271","RaspberryPi3","BT_UART_2281","C1:8F:CC:DC:57:19","2017-03-21 20:55:07","23.12","21","7.51","2.41673","off"
"272","RaspberryPi3","BT_UART_2281","C1:8F:CC:DC:57:19","2017-03-21 21:00:06","24.12","21","7.52","2.41673","off"
"273","RaspberryPi3","BT_UART_2281","C1:8F:CC:DC:57:19","2017-03-21 21:05:08","24.12","22","7.51","2.41673","off"
"274","RaspberryPi3","BT_UART_2281","C1:8F:CC:DC:57:19","2017-03-21 21:10:06","24.12","21","7.52","2.41673","off"
"275","RaspberryPi3","BT_UART_2281","C1:8F:CC:DC:57:19","2017-03-21 21:15:06","24.12","26","7.51","2.41673","off"
"276","RaspberryPi3","BT_UART_2281","C1:8F:CC:DC:57:19","2017-03-21 21:20:05","22.12","22","7.52","2.41673","off"
"277","RaspberryPi3","BT_UART_2281","C1:8F:CC:DC:57:19","2017-03-21 21:25:07","24.12","22","7.52","2.41673","off"
"278","RaspberryPi3","BT_UART_2281","C1:8F:CC:DC:57:19","2017-03-21 21:30:05","24.12","26","7.52","2.41673","off"
"279","RaspberryPi3","BT_UART_2281","C1:8F:CC:DC:57:19","2017-03-21 21:40:06","22.12","22","7.51","2.41673","off"
"280","RaspberryPi3","BT_UART_2281","C1:8F:CC:DC:57:19","2017-03-21 21:45:07","22.12","22","7.52","2.41673","off"
"281","RaspberryPi3","BT_UART_2281","C1:8F:CC:DC:57:19","2017-03-21 21:55:07","24.12","21","7.52","2.41673","off"
"282","RaspberryPi3","BT_UART_2281","C1:8F:CC:DC:57:19","2017-03-21 22:00:05","24.12","22","7.52","2.41673","off"
"283","RaspberryPi3","BT_UART_2281","C1:8F:CC:DC:57:19","2017-03-21 22:10:07","24.12","22","7.52","2.41673","off"
"284","RaspberryPi3","BT_UART_2281","C1:8F:CC:DC:57:19","2017-03-21 22:20:05","22.12","22","7.52","2.41673","off"
"285","RaspberryPi3","BT_UART_2281","C1:8F:CC:DC:57:19","2017-03-21 22:25:08","23.12","21","7.52","2.38102","off"
"286","RaspberryPi3","BT_UART_2281","C1:8F:CC:DC:57:19","2017-03-21 22:30:06","25.12","23","7.52","2.41673","off"
"287","RaspberryPi3","BT_UART_2281","C1:8F:CC:DC:57:19","2017-03-21 22:35:07","24.12","23","7.52","2.45199","off"
"288","RaspberryPi3","BT_UART_2281","C1:8F:CC:DC:57:19","2017-03-21 22:40:05","23.12","21","7.53","2.41673","off"
"289","RaspberryPi3","BT_UART_2281","C1:8F:CC:DC:57:19","2017-03-21 22:45:08","24.12","21","7.53","2.41673","off"
"290","RaspberryPi3","BT_UART_2281","C1:8F:CC:DC:57:19","2017-03-21 23:10:06","25.12","20","7.53","2.41673","off"
"291","RaspberryPi3","BT_UART_2281","C1:8F:CC:DC:57:19","2017-03-21 23:15:07","25.12","20","7.53","2.41673","off"
"292","RaspberryPi3","BT_UART_2281","C1:8F:CC:DC:57:19","2017-03-21 23:20:05","25.12","20","7.53","2.41673","off"
"293","RaspberryPi3","BT_UART_2281","C1:8F:CC:DC:57:19","2017-03-21 23:30:06","24.12","21","7.53","2.41673","off"
"294","RaspberryPi3","BT_UART_2281","C1:8F:CC:DC:57:19","2017-03-21 23:35:06","25.12","20","7.53","2.41673","off"
"295","RaspberryPi3","BT_UART_2281","C1:8F:CC:DC:57:19","2017-03-21 23:40:07","25.12","20","7.53","2.41673","off"
"296","RaspberryPi3","BT_UART_2281","C1:8F:CC:DC:57:19","2017-03-21 23:45:06","24.12","21","7.54","2.41673","off"
"297","RaspberryPi3","BT_UART_2281","C1:8F:CC:DC:57:19","2017-03-21 23:55:07","25.12","20","7.53","2.41673","off"
"298","RaspberryPi3","BT_UART_2281","C1:8F:CC:DC:57:19","2017-03-22 00:00:06","24.12","21","7.53","2.41673","off"
"299","RaspberryPi3","BT_UART_2281","C1:8F:CC:DC:57:19","2017-03-22 00:05:08","25.12","20","7.53","8.33323","on"
"300","RaspberryPi3","BT_UART_2281","C1:8F:CC:DC:57:19","2017-03-22 00:15:05","25.12","20","7.53","8.33323","on"
"301","RaspberryPi3","BT_UART_2281","C1:8F:CC:DC:57:19","2017-03-22 00:20:07","25.12","20","7.52","8.33323","on"
"302","RaspberryPi3","BT_UART_2281","C1:8F:CC:DC:57:19","2017-03-22 00:25:06","24.12","21","7.54","7.72274","on"
"303","RaspberryPi3","BT_UART_2281","C1:8F:CC:DC:57:19","2017-03-22 00:35:08","25.12","20","7.53","8.33323","on"
"304","RaspberryPi3","BT_UART_2281","C1:8F:CC:DC:57:19","2017-03-22 00:40:07","25.12","20","7.53","8.33323","on"
"305","RaspberryPi3","BT_UART_2281","C1:8F:CC:DC:57:19","2017-03-22 00:45:08","25.12","20","7.53","8.33323","on"
"306","RaspberryPi3","BT_UART_2281","C1:8F:CC:DC:57:19","2017-03-22 00:50:06","25.12","20","7.53","8.33323","on"
"307","RaspberryPi3","BT_UART_2281","C1:8F:CC:DC:57:19","2017-03-22 00:55:06","25.12","20","7.52","8.33323","on"
"308","RaspberryPi3","BT_UART_2281","C1:8F:CC:DC:57:19","2017-03-22 01:01:40","24.12","21","7.53","7.72274","on"
"309","RaspberryPi3","BT_UART_2281","C1:8F:CC:DC:57:19","2017-03-22 01:55:09","27","19","0.01","4.95716","off"
"310","RaspberryPi3","BT_UART_2281","C1:8F:CC:DC:57:19","2017-03-22 10:05:06","25.12","20","7.57","8.33323","on"
"311","RaspberryPi3","BT_UART_2281","C1:8F:CC:DC:57:19","2017-03-22 18:10:07","25","20","0.03","5.00009","on"
"312","RaspberryPi3","BT_UART_2281","C1:8F:CC:DC:57:19","2017-03-22 18:15:07","24.12","21","7.56","7.72274","on"
"313","RaspberryPi3","BT_UART_2281","C1:8F:CC:DC:57:19","2017-03-22 23:55:06","25","20","0.02","5.00004","on"
"314","RaspberryPi3","BT_UART_2281","C1:8F:CC:DC:57:19","2017-03-23 10:20:05","25.12","20","7.52","8.33323","on"
"315","RaspberryPi3","BT_UART_2281","C1:8F:CC:DC:57:19","2017-03-23 22:35:05","24","21","0.02","4.98915","off"
"316","RaspberryPi3","BT_UART_2281","C1:8F:CC:DC:57:19","2017-03-24 08:35:06","27.12","19","7.56","8.30416","on"
"317","RaspberryPi3","BT_UART_2281","C1:8F:CC:DC:57:19","2017-03-24 19:30:07","25","24","0.01","5.00001","on"
"318","RaspberryPi3","BT_UART_2281","C1:8F:CC:DC:57:19","2017-03-25 12:00:08","27.12","27","7.54","8.30416","on"
"319","RaspberryPi3","BT_UART_2281","C1:8F:CC:DC:57:19","2017-03-25 13:45:07","24.05","21","0.95","5.07625","on"
"320","RaspberryPi3","BT_UART_2281","C1:8F:CC:DC:57:19","2017-03-25 14:25:07","28.12","35","7.53","8.27364","on"
"321","RaspberryPi3","BT_UART_2281","C1:8F:CC:DC:57:19","2017-03-25 15:05:05","23.02","21","0.31","4.96742","off"
"322","RaspberryPi3","BT_UART_2281","C1:8F:CC:DC:57:19","2017-03-25 16:15:06","25.12","20","7.55","8.33323","on"
"323","RaspberryPi3","BT_UART_2281","C1:8F:CC:DC:57:19","2017-03-25 17:25:05","27","19","0.07","4.95764","off"
"324","RaspberryPi3","BT_UART_2281","C1:8F:CC:DC:57:19","2017-03-25 17:50:05","25.12","20","7.55","8.33323","on"
"325","RaspberryPi3","BT_UART_2281","C1:8F:CC:DC:57:19","2017-03-25 17:55:07","25","20","0.02","5.00004","on"
"326","RaspberryPi3","BT_UART_2281","C1:8F:CC:DC:57:19","2017-03-25 19:05:06","25.12","20","7.55","8.33323","on"
"327","RaspberryPi3","BT_UART_2281","C1:8F:CC:DC:57:19","2017-03-25 22:45:08","25","20","0.01","5.00001","on"
"328","RaspberryPi3","BT_UART_2281","C1:8F:CC:DC:57:19","2017-03-26 14:20:05","24.12","21","7.55","7.72274","on"
"329","RaspberryPi3","BT_UART_2281","C1:8F:CC:DC:57:19","2017-03-26 16:35:05","26","20","0.05","4.98936","off"
"330","RaspberryPi3","BT_UART_2281","C1:8F:CC:DC:57:19","2017-03-26 16:50:05","24.12","10","7.54","7.72274","on"
"331","RaspberryPi3","BT_UART_2281","C1:8F:CC:DC:57:19","2017-03-26 23:40:08","26","20","0.06","4.98947","off"
"332","RaspberryPi3","BT_UART_2281","C1:8F:CC:DC:57:19","2017-03-27 07:30:05","23.12","21","7.54","7.16091","on"
"333","RaspberryPi3","BT_UART_2281","C1:8F:CC:DC:57:19","2017-03-27 18:10:06","25","20","0.03","5.00009","on"
"334","RaspberryPi3","BT_UART_2281","C1:8F:CC:DC:57:19","2017-03-27 18:25:06","23.12","10","7.54","7.16091","on"
"335","RaspberryPi3","BT_UART_2281","C1:8F:CC:DC:57:19","2017-03-27 21:10:06","26","20","0.01","4.98912","off"
"336","RaspberryPi3","BT_UART_2281","C1:8F:CC:DC:57:19","2017-03-27 21:35:07","25.12","20","7.53","8.33323","on"
"337","RaspberryPi3","BT_UART_2281","C1:8F:CC:DC:57:19","2017-03-27 23:00:07","24","21","0.02","4.98915","off"
"338","RaspberryPi3","BT_UART_2281","C1:8F:CC:DC:57:19","2017-03-28 09:15:07","26.12","20","7.52","8.32469","on"
"339","RaspberryPi3","BT_UART_2281","C1:8F:CC:DC:57:19","2017-03-28 18:50:07","24","10","0.02","4.98915","off"
"340","RaspberryPi3","BT_UART_2281","C1:8F:CC:DC:57:19","2017-03-28 18:55:07","25.12","20","7.5","8.33323","on"
"341","RaspberryPi3","BT_UART_2281","C1:8F:CC:DC:57:19","2017-03-28 19:10:06","25","20","0.02","5.00004","on"
"342","RaspberryPi3","BT_UART_2281","C1:8F:CC:DC:57:19","2017-03-28 19:20:08","25.12","20","7.52","8.33323","on"
"343","RaspberryPi3","BT_UART_2281","C1:8F:CC:DC:57:19","2017-03-28 19:45:07","26","20","0.01","4.98912","off"
"344","RaspberryPi3","BT_UART_2281","C1:8F:CC:DC:57:19","2017-03-29 09:00:07","26.12","20","7.5","8.32469","on"
"345","RaspberryPi3","BT_UART_2281","C1:8F:CC:DC:57:19","2017-03-29 09:25:07","26.02","20","0.37","5.00206","on"
"346","RaspberryPi3","BT_UART_2281","C1:8F:CC:DC:57:19","2017-03-29 09:45:07","27.12","19","7.52","8.30416","on"
"347","RaspberryPi3","BT_UART_2281","C1:8F:CC:DC:57:19","2017-03-29 19:10:07","26","20","0.01","4.98912","off"
"348","RaspberryPi3","BT_UART_2281","C1:8F:CC:DC:57:19","2017-03-30 09:25:07","27.12","19","7.53","8.30416","on"
"349","RaspberryPi3","BT_UART_2281","C1:8F:CC:DC:57:19","2017-03-30 18:30:07","24","26","0.02","4.98915","off"
"350","RaspberryPi3","BT_UART_2281","C1:8F:CC:DC:57:19","2017-03-31 10:20:07","27.12","19","7.54","8.30416","on"
"351","RaspberryPi3","BT_UART_2281","C1:8F:CC:DC:57:19","2017-03-31 18:00:07","29","18","0.02","4.83209","off"
"352","RaspberryPi3","BT_UART_2281","C1:8F:CC:DC:57:19","2017-04-01 13:40:07","27.12","19","7.52","8.30416","on"
"353","RaspberryPi3","BT_UART_2281","C1:8F:CC:DC:57:19","2017-04-01 20:25:07","24","21","0.01","4.98912","off"
"354","RaspberryPi3","BT_UART_2281","C1:8F:CC:DC:57:19","2017-04-05 13:10:06","24.12","21","7.52","7.72274","on"
"355","RaspberryPi3","BT_UART_2281","C1:8F:CC:DC:57:19","2017-04-05 18:05:07","24","21","0.02","4.98915","off"
"356","RaspberryPi3","BT_UART_2281","C1:8F:CC:DC:57:19","2017-04-05 18:30:07","24.12","10","7.56","7.72274","on"
"357","RaspberryPi3","BT_UART_2281","C1:8F:CC:DC:57:19","2017-04-05 18:35:06","24","21","0.02","4.98915","off"
"358","RaspberryPi3","BT_UART_2281","C1:8F:CC:DC:57:19","2017-04-06 09:25:07","24.12","10","7.55","7.72274","on"
"359","RaspberryPi3","BT_UART_2281","C1:8F:CC:DC:57:19","2017-04-06 21:25:06","25","20","0.02","5.00004","on"
"360","RaspberryPi3","BT_UART_2281","C1:8F:CC:DC:57:19","2017-04-07 08:50:07","27.12","19","7.53","8.30416","on"
"361","RaspberryPi3","BT_UART_2281","C1:8F:CC:DC:57:19","2017-04-07 18:15:07","23","21","0.03","4.95724","off"
"362","RaspberryPi3","BT_UART_2281","C1:8F:CC:DC:57:19","2017-04-09 14:55:06","29.11","20","4.86","7.91007","on"
"363","RaspberryPi3","BT_UART_2281","C1:8F:CC:DC:57:19","2017-04-09 15:55:07","28.02","19","0.37","4.9169","off"
"364","RaspberryPi3","BT_UART_2281","C1:8F:CC:DC:57:19","2017-04-10 08:50:07","29.12","23","7.5","8.23469","on"
"365","RaspberryPi3","BT_UART_2281","C1:8F:CC:DC:57:19","2017-04-11 01:55:07","27","19","0.03","4.95724","off"
"366","RaspberryPi3","BT_UART_2281","C1:8F:CC:DC:57:19","2017-04-11 08:40:06","29.12","20","7.51","8.23469","on"
"367","RaspberryPi3","BT_UART_2281","C1:8F:CC:DC:57:19","2017-04-11 15:35:07","26.02","20","0.47","5.01017","on"
"368","RaspberryPi3","BT_UART_2281","C1:8F:CC:DC:57:19","2017-04-11 15:40:07","25.04","27","6","8.33332","on"
"369","RaspberryPi3","BT_UART_2281","C1:8F:CC:DC:57:19","2017-04-11 19:05:06","26","24","0.05","4.98936","off"
"370","RaspberryPi3","BT_UART_2281","C1:8F:CC:DC:57:19","2017-04-12 08:50:07","28.12","19","7.53","8.27364","on"
"371","RaspberryPi3","BT_UART_2281","C1:8F:CC:DC:57:19","2017-04-12 18:35:08","24","21","0.03","4.9892","off"
"372","RaspberryPi3","BT_UART_2281","C1:8F:CC:DC:57:19","2017-04-13 10:10:06","27.12","19","7.51","8.30416","on"
"373","RaspberryPi3","BT_UART_2281","C1:8F:CC:DC:57:19","2017-04-13 18:45:07","26","20","0.02","4.98915","off"
"374","RaspberryPi3","BT_UART_2281","C1:8F:CC:DC:57:19","2017-04-13 21:45:07","27.12","19","7.49","8.30416","on"
"375","RaspberryPi3","BT_UART_2281","C1:8F:CC:DC:57:19","2017-04-13 22:25:07","28","19","0.03","4.90485","off"
"376","RaspberryPi3","BT_UART_2281","C1:8F:CC:DC:57:19","2017-04-14 10:05:07","27.12","19","7.52","8.30416","on"
"377","RaspberryPi3","BT_UART_2281","C1:8F:CC:DC:57:19","2017-04-14 10:10:07","28.03","19","0.7","4.95006","off"
"378","RaspberryPi3","BT_UART_2281","C1:8F:CC:DC:57:19","2017-04-14 10:15:08","27.05","19","6.08","8.30595","on"
"379","RaspberryPi3","BT_UART_2281","C1:8F:CC:DC:57:19","2017-04-14 19:25:07","24","21","0.01","4.98912","off"
"380","RaspberryPi3","BT_UART_2281","C1:8F:CC:DC:57:19","2017-04-15 09:05:07","27.11","24","7.46","8.30442","on"
"381","RaspberryPi3","BT_UART_2281","C1:8F:CC:DC:57:19","2017-04-15 09:30:07","28","20","0.65","4.94554","off"
"382","RaspberryPi3","BT_UART_2281","C1:8F:CC:DC:57:19","2017-04-15 12:10:07","28.11","20","7.45","8.27399","on"
"383","RaspberryPi3","BT_UART_2281","C1:8F:CC:DC:57:19","2017-04-15 21:15:07","24","21","0.01","4.98912","off"
"384","RaspberryPi3","BT_UART_2281","C1:8F:CC:DC:57:19","2017-04-16 11:25:07","28.11","20","7.44","8.27399","on"
"385","RaspberryPi3","BT_UART_2281","C1:8F:CC:DC:57:19","2017-04-16 22:30:07","24","24","0.01","4.98912","off"
"386","RaspberryPi3","BT_UART_2281","C1:8F:CC:DC:57:19","2017-04-17 08:55:07","28.11","23","7.46","8.27399","on"
"387","RaspberryPi3","BT_UART_2281","C1:8F:CC:DC:57:19","2017-04-17 19:05:07","24","25","0.01","4.98912","off"
"388","RaspberryPi3","BT_UART_2281","C1:8F:CC:DC:57:19","2017-04-18 06:35:07","28.11","23","7.45","8.27399","on"
"389","RaspberryPi3","BT_UART_2281","C1:8F:CC:DC:57:19","2017-04-18 19:35:08","26","26","0.02","4.98915","off"
"390","RaspberryPi3","BT_UART_2281","C1:8F:CC:DC:57:19","2017-04-18 20:40:08","25.11","23","7.44","8.33324","on"
"391","RaspberryPi3","BT_UART_2281","C1:8F:CC:DC:57:19","2017-04-18 20:50:07","25","20","0.01","5.00001","on"
"392","RaspberryPi3","BT_UART_2281","C1:8F:CC:DC:57:19","2017-04-19 08:25:07","29.12","21","7.48","8.23469","on"
"393","RaspberryPi3","BT_UART_2281","C1:8F:CC:DC:57:19","2017-04-19 17:20:06","26","23","0.07","4.9896","off"
"394","RaspberryPi3","BT_UART_2281","C1:8F:CC:DC:57:19","2017-04-20 09:55:08","29.11","23","7.47","8.23512","on"
"395","RaspberryPi3","BT_UART_2281","C1:8F:CC:DC:57:19","2017-04-20 18:00:06","26","26","0.03","4.9892","off"
"396","RaspberryPi3","BT_UART_2281","C1:8F:CC:DC:57:19","2017-04-21 09:25:06","29.11","19","7.47","8.23512","on"
"397","RaspberryPi3","BT_UART_2281","C1:8F:CC:DC:57:19","2017-04-21 19:25:06","28","19","0.02","4.9048","off"
"398","RaspberryPi3","BT_UART_2281","C1:8F:CC:DC:57:19","2017-04-22 08:25:07","28.11","19","7.46","8.27399","on"
"399","RaspberryPi3","BT_UART_2281","C1:8F:CC:DC:57:19","2017-04-22 08:40:07","29.01","18","0.26","4.83788","off"
"400","RaspberryPi3","BT_UART_2281","C1:8F:CC:DC:57:19","2017-04-22 08:50:07","29.11","18","7.47","8.23512","on"
"401","RaspberryPi3","BT_UART_2281","C1:8F:CC:DC:57:19","2017-04-22 10:30:07","26.02","20","0.31","4.99811","off"
"402","RaspberryPi3","BT_UART_2281","C1:8F:CC:DC:57:19","2017-04-22 11:40:06","25.11","20","7.43","8.33324","on"
"403","RaspberryPi3","BT_UART_2281","C1:8F:CC:DC:57:19","2017-04-22 17:25:07","25","20","0.03","5.00009","on"
"404","RaspberryPi3","BT_UART_2281","C1:8F:CC:DC:57:19","2017-04-23 13:40:06","27.11","19","7.46","8.30442","on"
"405","RaspberryPi3","BT_UART_2281","C1:8F:CC:DC:57:19","2017-04-23 13:45:06","25.01","20","0.24","5.00567","on"
"406","RaspberryPi3","BT_UART_2281","C1:8F:CC:DC:57:19","2017-04-24 10:10:07","27.11","20","7.45","8.30442","on"
"407","RaspberryPi3","BT_UART_2281","C1:8F:CC:DC:57:19","2017-04-24 17:50:07","24","21","0.07","4.9896","off"
"408","RaspberryPi3","BT_UART_2281","C1:8F:CC:DC:57:19","2017-04-24 19:30:07","27.11","19","7.46","8.30442","on"
"409","RaspberryPi3","BT_UART_2281","C1:8F:CC:DC:57:19","2017-04-24 21:25:07","27","19","0.01","4.95716","off"
"410","RaspberryPi3","BT_UART_2281","C1:8F:CC:DC:57:19","2017-04-25 08:15:07","28.11","19","7.45","8.27399","on"
"411","RaspberryPi3","BT_UART_2281","C1:8F:CC:DC:57:19","2017-04-25 15:35:07","29.01","31","0.27","4.8384","off"
"412","RaspberryPi3","BT_UART_2281","C1:8F:CC:DC:57:19","2017-04-25 16:40:07","24.11","21","7.43","7.71653","on"
"413","RaspberryPi3","BT_UART_2281","C1:8F:CC:DC:57:19","2017-04-25 19:10:07","24","10","0.03","4.9892","off"
"414","RaspberryPi3","BT_UART_2281","C1:8F:CC:DC:57:19","2017-04-25 21:35:06","27.11","19","7.46","8.30442","on"
"415","RaspberryPi3","BT_UART_2281","C1:8F:CC:DC:57:19","2017-04-25 21:40:08","27","0","0.01","4.95716","off"
"416","RaspberryPi3","BT_UART_2281","C1:8F:CC:DC:57:19","2017-04-26 09:45:06","26.04","20","5.99","8.32584","on"
"417","RaspberryPi3","BT_UART_2281","C1:8F:CC:DC:57:19","2017-04-26 18:30:07","27","19","0.02","4.95719","off"
"418","RaspberryPi3","BT_UART_2281","C1:8F:CC:DC:57:19","2017-04-27 09:50:08","28.11","29","7.46","8.27399","on"
"419","RaspberryPi3","BT_UART_2281","C1:8F:CC:DC:57:19","2017-04-27 18:30:07","26","20","0.02","4.98915","off"
"420","RaspberryPi3","BT_UART_2281","C1:8F:CC:DC:57:19","2017-04-28 09:25:07","27.04","19","5.98","8.3062","on"
"421","RaspberryPi3","BT_UART_2281","C1:8F:CC:DC:57:19","2017-04-28 09:40:07","25.03","9","0.6","5.0348","on"
"422","RaspberryPi3","BT_UART_2281","C1:8F:CC:DC:57:19","2017-04-28 09:55:07","27.11","20","7.45","8.30442","on"
"423","RaspberryPi3","BT_UART_2281","C1:8F:CC:DC:57:19","2017-04-28 11:00:07","25.03","20","0.71","5.0485","on"
"424","RaspberryPi3","BT_UART_2281","C1:8F:CC:DC:57:19","2017-04-28 11:20:07","25.11","20","7.43","8.33324","on"
"425","RaspberryPi3","BT_UART_2281","C1:8F:CC:DC:57:19","2017-04-28 17:35:07","26.01","20","0.11","4.9901","off"
"426","RaspberryPi3","BT_UART_2281","C1:8F:CC:DC:57:19","2017-04-29 13:00:07","27.11","29","7.46","8.30442","on"
"427","RaspberryPi3","BT_UART_2281","C1:8F:CC:DC:57:19","2017-04-29 21:00:07","24","21","0.02","4.98915","off"
"428","RaspberryPi3","BT_UART_2281","C1:8F:CC:DC:57:19","2017-04-30 11:45:07","27.11","19","7.44","8.30442","on"
"429","RaspberryPi3","BT_UART_2281","C1:8F:CC:DC:57:19","2017-04-30 18:50:08","24","21","0.01","4.98912","off"
"430","RaspberryPi3","BT_UART_2281","C1:8F:CC:DC:57:19","2017-05-01 10:05:07","25.11","9","7.45","8.33324","on"
"431","RaspberryPi3","BT_UART_2281","C1:8F:CC:DC:57:19","2017-05-01 17:50:07","24","21","0.05","4.98936","off"
"432","RaspberryPi3","BT_UART_2281","C1:8F:CC:DC:57:19","2017-05-02 09:50:07","28.04","19","5.94","8.27641","on"
"433","RaspberryPi3","BT_UART_2281","C1:8F:CC:DC:57:19","2017-05-02 11:10:07","25.04","21","0.77","5.0569","on"
"434","RaspberryPi3","BT_UART_2281","C1:8F:CC:DC:57:19","2017-05-02 11:35:07","25.11","20","7.43","8.33324","on"
"435","RaspberryPi3","BT_UART_2281","C1:8F:CC:DC:57:19","2017-05-02 15:35:07","24.02","21","0.37","5.00293","on"
"436","RaspberryPi3","BT_UART_2281","C1:8F:CC:DC:57:19","2017-05-02 17:20:07","25.11","24","7.42","8.33324","on"
"437","RaspberryPi3","BT_UART_2281","C1:8F:CC:DC:57:19","2017-05-02 21:50:07","25","23","0.01","5.00001","on"
"438","RaspberryPi3","BT_UART_2281","C1:8F:CC:DC:57:19","2017-05-03 08:10:07","28.11","19","7.44","8.27399","on"
"439","RaspberryPi3","BT_UART_2281","C1:8F:CC:DC:57:19","2017-05-03 11:35:07","24.04","22","0.83","5.05594","on"
"440","RaspberryPi3","BT_UART_2281","C1:8F:CC:DC:57:19","2017-05-03 11:45:07","24.11","21","7.42","7.71653","on"
"441","RaspberryPi3","BT_UART_2281","C1:8F:CC:DC:57:19","2017-05-03 21:50:07","27","21","0.01","4.95716","off"
"442","RaspberryPi3","BT_UART_2281","C1:8F:CC:DC:57:19","2017-05-04 08:50:07","30.11","19","7.45","8.18906","on"
"443","RaspberryPi3","BT_UART_2281","C1:8F:CC:DC:57:19","2017-05-04 18:05:07","25","20","0.04","5.00016","on"
"444","RaspberryPi3","BT_UART_2281","C1:8F:CC:DC:57:19","2017-05-05 08:55:07","28.11","24","7.44","8.27399","on"
"445","RaspberryPi3","BT_UART_2281","C1:8F:CC:DC:57:19","2017-05-05 11:30:07","24.04","24","0.8","5.05133","on"
"446","RaspberryPi3","BT_UART_2281","C1:8F:CC:DC:57:19","2017-05-05 11:50:07","25.11","25","7.4","8.33324","on"
"447","RaspberryPi3","BT_UART_2281","C1:8F:CC:DC:57:19","2017-05-05 19:40:07","24","24","0.02","4.98915","off"
"448","RaspberryPi3","BT_UART_2281","C1:8F:CC:DC:57:19","2017-05-06 10:00:08","27.11","23","7.44","8.30442","on"
"449","RaspberryPi3","BT_UART_2281","C1:8F:CC:DC:57:19","2017-05-06 17:35:07","25","20","0.08","5.00064","on"
"450","RaspberryPi3","BT_UART_2281","C1:8F:CC:DC:57:19","2017-05-06 18:00:07","29.12","31","7.51","8.23469","on"
"451","RaspberryPi3","BT_UART_2281","C1:8F:CC:DC:57:19","2017-05-06 21:15:07","24","21","0.02","4.98915","off"
"452","RaspberryPi3","BT_UART_2281","C1:8F:CC:DC:57:19","2017-05-07 12:30:08","29.12","23","7.5","8.23469","on"
"453","RaspberryPi3","BT_UART_2281","C1:8F:CC:DC:57:19","2017-05-07 18:55:07","24","21","0.01","4.98912","off"
"454","RaspberryPi3","BT_UART_2281","C1:8F:CC:DC:57:19","2017-05-08 08:40:09","29.12","23","7.48","8.23469","on"
"455","RaspberryPi3","BT_UART_2281","C1:8F:CC:DC:57:19","2017-05-08 20:05:08","24","22","0.02","4.98915","off"
"456","RaspberryPi3","BT_UART_2281","C1:8F:CC:DC:57:19","2017-05-09 01:10:07","28","22","5.21","8.27778","on"
"457","RaspberryPi3","BT_UART_2281","C1:8F:CC:DC:57:19","2017-05-09 01:30:07","28","19","0.02","4.9048","off"
"458","RaspberryPi3","BT_UART_2281","C1:8F:CC:DC:57:19","2017-05-09 08:45:08","29.11","21","7.46","8.23512","on"
"459","RaspberryPi3","BT_UART_2281","C1:8F:CC:DC:57:19","2017-05-09 16:45:08","24.01","27","0.13","4.991","off"
"460","RaspberryPi3","BT_UART_2281","C1:8F:CC:DC:57:19","2017-05-09 16:50:07","24.11","25","7.44","7.71653","on"
"461","RaspberryPi3","BT_UART_2281","C1:8F:CC:DC:57:19","2017-05-09 19:05:07","24","21","0.01","4.98912","off"
"462","RaspberryPi3","BT_UART_2281","C1:8F:CC:DC:57:19","2017-05-09 20:15:08","27.11","23","4.86","7.99303","on"
"463","RaspberryPi3","BT_UART_2281","C1:8F:CC:DC:57:19","2017-05-09 21:40:08","28","20","0.02","4.9048","off"
"464","RaspberryPi3","BT_UART_2281","C1:8F:CC:DC:57:19","2017-05-10 09:25:08","29.11","18","7.47","8.23512","on"
"465","RaspberryPi3","BT_UART_2281","C1:8F:CC:DC:57:19","2017-05-10 20:00:07","25","22","0.02","5.00004","on"
"466","RaspberryPi3","BT_UART_2281","C1:8F:CC:DC:57:19","2017-05-11 09:50:07","25.11","20","7.42","8.33324","on"
"467","RaspberryPi3","BT_UART_2281","C1:8F:CC:DC:57:19","2017-05-11 20:10:07","25","20","0.03","5.00009","on"
"468","RaspberryPi3","BT_UART_2281","C1:8F:CC:DC:57:19","2017-05-11 20:50:07","25.11","20","7.46","8.33324","on"
"469","RaspberryPi3","BT_UART_2281","C1:8F:CC:DC:57:19","2017-05-11 22:15:07","26","20","0.01","4.98912","off"
"470","RaspberryPi3","BT_UART_2281","C1:8F:CC:DC:57:19","2017-05-12 09:45:08","29.12","22","7.49","8.23469","on"
"471","RaspberryPi3","BT_UART_2281","C1:8F:CC:DC:57:19","2017-05-12 17:15:09","24.01","21","0.15","4.99155","off"
